datetime,sst,chlor_a
2018-01-01,6.365,2.0075202
2018-01-02,7.205,1.9277272
2018-01-03,6.845,3.8367136
2018-01-04,,
2018-01-05,4.08,3.0107288
2018-01-06,5.21,3.1342387
2018-01-07,5.645,1.9915017
2018-01-08,8.11,1.7390908
2018-01-09,7.21,1.8081763
2018-01-10,6.47,1.4820992
2018-01-11,,
2018-01-12,13.679999,
2018-01-13,5.96,1.7463201
2018-01-14,3.49,3.486826
2018-01-15,,
2018-01-16,5.13,1.5594726
2018-01-17,,
2018-01-18,6.145,1.9296674
2018-01-19,5.8799996,1.6788899
2018-01-20,6.1,4.143605
2018-01-21,6.95,0.7075553
2018-01-22,,
2018-01-23,,
2018-01-24,5.98,1.785489
2018-01-25,6.0499997,2.5461798
2018-01-26,5.71,2.648497
2018-01-27,6.42,1.1872578
2018-01-28,,
2018-01-29,,
2018-01-30,1.165,
2018-01-31,5.125,2.5167072
2018-02-01,,
2018-02-02,5.0,1.6968347
2018-02-03,4.485,3.9421365
2018-02-04,,
2018-02-05,5.5299997,2.1778598
2018-02-06,,
2018-02-07,,
2018-02-08,4.955,2.1797948
2018-02-09,5.4849997,1.6941121
2018-02-10,,
2018-02-11,,
2018-02-12,,
2018-02-13,3.98,2.2372441
2018-02-14,5.225,2.2040155
2018-02-15,,
2018-02-16,,
2018-02-17,4.4049997,1.6437414
2018-02-18,5.8199997,1.6745834
2018-02-19,5.955,0.7575193
2018-02-20,6.8849998,3.7685754
2018-02-21,7.875,2.3679311
2018-02-22,,
2018-02-23,,
2018-02-24,6.265,0.35550424
2018-02-25,,
2018-02-26,,
2018-02-27,5.93,1.6499336
2018-02-28,5.71,1.7254205
2018-03-01,,
2018-03-02,,
2018-03-03,4.245,1.3539448
2018-03-04,6.065,
2018-03-05,,
2018-03-06,5.325,2.3405132
2018-03-07,,
2018-03-08,5.13,1.9047096
2018-03-09,3.955,2.132915
2018-03-10,4.83,1.9735435
2018-03-11,5.115,2.0610218
2018-03-12,,
2018-03-13,,
2018-03-14,4.47,2.575536
2018-03-15,5.0699997,2.5697327
2018-03-16,4.095,2.3227725
2018-03-17,5.105,2.287716
2018-03-18,5.33,2.2927513
2018-03-19,5.1949997,2.2292044
2018-03-20,,
2018-03-21,,
2018-03-22,2.875,2.2605636
2018-03-23,4.8399997,
2018-03-24,5.2599998,1.1187426
2018-03-25,5.285,
2018-03-26,5.17,2.4483616
2018-03-27,4.055,
2018-03-28,3.49,0.5341008
2018-03-29,6.8999996,
2018-03-30,,
2018-03-31,5.9649997,1.3581239
2018-04-01,4.625,0.93228704
2018-04-02,4.1,
2018-04-03,,
2018-04-04,,
2018-04-05,5.38,1.6134663
2018-04-06,,
2018-04-07,4.125,4.446647
2018-04-08,4.85,1.0751668
2018-04-09,4.475,1.5546192
2018-04-10,5.33,0.6226614
2018-04-11,6.23,1.7407318
2018-04-12,6.285,
2018-04-13,5.85,0.7859549
2018-04-14,7.8599997,2.9617643
2018-04-15,,
2018-04-16,7.0699997,
2018-04-17,5.7349997,1.4561595
2018-04-18,6.045,
2018-04-19,,
2018-04-20,6.055,5.462827
2018-04-21,6.6,2.178151
2018-04-22,7.5249996,1.4080831
2018-04-23,8.934999,1.4386772
2018-04-24,7.7999997,1.0293518
2018-04-25,,
2018-04-26,7.6949997,1.5229075
2018-04-27,,
2018-04-28,9.795,3.4643495
2018-04-29,8.205,0.5162442
2018-04-30,6.8199997,0.37819645
2018-05-01,8.695,1.104979
2018-05-02,8.934999,1.5569503
2018-05-03,8.63,0.6852026
2018-05-04,9.42,
2018-05-05,8.995,
2018-05-06,,
2018-05-07,8.88,6.4716926
2018-05-08,10.6449995,2.641539
2018-05-09,,
2018-05-10,10.615,
2018-05-11,11.29,1.6018986
2018-05-12,,
2018-05-13,,
2018-05-14,11.724999,6.1165657
2018-05-15,12.7,1.6519288
2018-05-16,,
2018-05-17,,
2018-05-18,,
2018-05-19,,
2018-05-20,12.42,
2018-05-21,14.049999,3.1905484
2018-05-22,,
2018-05-23,12.99,4.478156
2018-05-24,14.985,1.9203744
2018-05-25,12.87,1.7378725
2018-05-26,14.355,0.50923604
2018-05-27,,
2018-05-28,12.955,0.9369926
2018-05-29,14.57,3.7521358
2018-05-30,13.565,2.6109672
2018-05-31,14.0199995,
2018-06-01,16.83,
2018-06-02,17.654999,0.43776995
2018-06-03,12.889999,2.7181118
2018-06-04,12.349999,
2018-06-05,13.014999,
2018-06-06,13.695,0.97521585
2018-06-07,14.04,0.4736055
2018-06-08,,
2018-06-09,15.099999,0.5110363
2018-06-10,,
2018-06-11,15.46,5.3050413
2018-06-12,14.804999,0.7911518
2018-06-13,,
2018-06-14,15.804999,
2018-06-15,15.13,0.46462423
2018-06-16,16.994999,1.3069335
2018-06-17,18.375,1.2791162
2018-06-18,17.92,0.6399238
2018-06-19,19.199999,1.7267332
2018-06-20,19.38,0.9221716
2018-06-21,18.814999,
2018-06-22,19.14,0.4703735
2018-06-23,20.25,
2018-06-24,18.15,3.3506231
2018-06-25,18.43,1.6530497
2018-06-26,19.255,1.4368587
2018-06-27,,
2018-06-28,19.58,
2018-06-29,19.99,1.1674885
2018-06-30,22.195,1.5634102
2018-07-01,21.775,0.48719692
2018-07-02,23.32,0.95214415
2018-07-03,23.5,1.5345268
2018-07-04,26.664999,0.4096517
2018-07-05,24.545,1.5722136
2018-07-06,,
2018-07-07,20.59,
2018-07-08,21.664999,2.5288596
2018-07-09,21.045,2.5994565
2018-07-10,21.22,1.837832
2018-07-11,20.975,0.7105676
2018-07-12,22.33,1.5059228
2018-07-13,22.01,0.7962101
2018-07-14,21.595,0.6599235
2018-07-15,,
2018-07-16,22.705,
2018-07-17,22.615,1.0293198
2018-07-18,22.345,1.8661997
2018-07-19,22.99,1.5743064
2018-07-20,23.845,0.8916886
2018-07-21,19.625,
2018-07-22,20.875,
2018-07-23,21.84,
2018-07-24,22.414999,0.8295171
2018-07-25,,
2018-07-26,23.255,1.240178
2018-07-27,23.755,0.507877
2018-07-28,24.98,
2018-07-29,,
2018-07-30,,
2018-07-31,24.074999,2.5172918
2018-08-01,23.49,
2018-08-02,23.904999,1.3764666
2018-08-03,23.865,1.0310441
2018-08-04,24.689999,0.5442396
2018-08-05,25.96,1.20682
2018-08-06,25.545,1.6552397
2018-08-07,25.24,0.6361821
2018-08-08,25.359999,5.586454
2018-08-09,25.34,1.2116567
2018-08-10,25.805,1.3402344
2018-08-11,,
2018-08-12,24.68,0.48230603
2018-08-13,24.47,1.0192711
2018-08-14,25.08,0.7840704
2018-08-15,24.67,2.4948616
2018-08-16,24.76,
2018-08-17,25.904999,
2018-08-18,25.835,1.221331
2018-08-19,19.925,
2018-08-20,20.51,
2018-08-21,22.76,4.819766
2018-08-22,23.05,1.1730317
2018-08-23,23.175,3.6421838
2018-08-24,23.88,3.0312014
2018-08-25,23.605,0.53068084
2018-08-26,23.135,1.1749206
2018-08-27,23.404999,0.3519153
2018-08-28,24.05,0.62172854
2018-08-29,24.085,1.3104239
2018-08-30,24.484999,0.7291069
2018-08-31,22.92,2.0813723
2018-09-01,20.945,
2018-09-02,23.085,0.91331583
2018-09-03,23.519999,2.8900115
2018-09-04,23.91,0.62687826
2018-09-05,23.994999,1.6722468
2018-09-06,24.365,0.40877503
2018-09-07,24.72,
2018-09-08,,
2018-09-09,,
2018-09-10,,
2018-09-11,22.13,0.78920627
2018-09-12,22.145,
2018-09-13,19.97,
2018-09-14,20.355,0.98622984
2018-09-15,20.664999,0.92921364
2018-09-16,22.535,1.5485494
2018-09-17,,
2018-09-18,21.765,
2018-09-19,22.035,6.4590497
2018-09-20,21.475,1.118863
2018-09-21,20.27,0.39163572
2018-09-22,21.484999,0.5079744
2018-09-23,,
2018-09-24,18.92,
2018-09-25,,
2018-09-26,20.695,0.26780316
2018-09-27,20.359999,1.6863174
2018-09-28,,
2018-09-29,20.455,0.8223993
2018-09-30,20.06,1.4511093
2018-10-01,19.324999,0.2083952
2018-10-02,19.734999,0.53049695
2018-10-03,19.5,0.40921625
2018-10-04,19.935,0.28661916
2018-10-05,19.654999,3.1548452
2018-10-06,19.234999,0.5959133
2018-10-07,20.734999,0.63731796
2018-10-08,18.19,
2018-10-09,19.685,0.65174764
2018-10-10,20.455,0.20053668
2018-10-11,,
2018-10-12,20.175,2.8968189
2018-10-13,18.99,
2018-10-14,,
2018-10-15,,
2018-10-16,18.02,1.2500618
2018-10-17,19.035,1.7666632
2018-10-18,17.75,2.5639222
2018-10-19,17.385,3.0078123
2018-10-20,17.779999,2.6237195
2018-10-21,17.06,5.0051627
2018-10-22,,
2018-10-23,16.185,1.1467906
2018-10-24,15.105,
2018-10-25,15.9,2.3176267
2018-10-26,14.44,
2018-10-27,,
2018-10-28,14.205,
2018-10-29,14.53,1.2255353
2018-10-30,15.005,3.1307776
2018-10-31,14.795,1.1935295
2018-11-01,14.825,2.5337164
2018-11-02,,
2018-11-03,14.844999,2.3068237
2018-11-04,15.605,1.7532418
2018-11-05,,
2018-11-06,,
2018-11-07,14.795,1.9306927
2018-11-08,14.25,9.260891
2018-11-09,12.71,
2018-11-10,14.16,2.2792149
2018-11-11,14.91,2.2106185
2018-11-12,12.425,2.702157
2018-11-13,,
2018-11-14,12.5199995,5.742616
2018-11-15,,
2018-11-16,12.554999,2.8040943
2018-11-17,12.5199995,1.5703181
2018-11-18,,
2018-11-19,8.71,
2018-11-20,,
2018-11-21,12.61,
2018-11-22,11.344999,3.6351898
2018-11-23,11.605,1.8050319
2018-11-24,10.965,
2018-11-25,11.275,1.3076715
2018-11-26,11.815,
2018-11-27,,
2018-11-28,9.929999,
2018-11-29,9.985,2.7238865
2018-11-30,,
2018-12-01,10.44,2.7800226
2018-12-02,,
2018-12-03,11.0199995,1.7190707
2018-12-04,10.309999,2.8384569
2018-12-05,,
2018-12-06,8.995,1.3337351
2018-12-07,10.0199995,1.8647153
2018-12-08,9.684999,2.0592413
2018-12-09,,
2018-12-10,9.295,1.8528156
2018-12-11,8.455,2.5267766
2018-12-12,9.315,1.539812
2018-12-13,6.8199997,
2018-12-14,,
2018-12-15,,
2018-12-16,,
2018-12-17,9.514999,
2018-12-18,8.925,2.4224675
2018-12-19,8.78,3.2119358
2018-12-20,,
2018-12-21,,
2018-12-22,8.23,
2018-12-23,8.79,2.1809323
2018-12-24,9.28,
2018-12-25,8.385,2.5959082
2018-12-26,8.22,2.04023
2018-12-27,8.69,1.9191484
2018-12-28,,
2018-12-29,8.95,2.4100928
2018-12-30,8.7,0.8192999
2018-12-31,,
2019-01-01,6.665,8.551108
2019-01-02,7.25,8.438221
2019-01-03,6.7549996,4.727954
2019-01-04,,
2019-01-05,,
2019-01-06,8.34,0.6703947
2019-01-07,8.825,2.007152
2019-01-08,,
2019-01-09,8.12,0.72933877
2019-01-10,,
2019-01-11,7.6099997,2.2731867
2019-01-12,7.64,1.9266319
2019-01-13,5.055,10.452859
2019-01-14,4.68,8.074289
2019-01-15,7.44,1.4630059
2019-01-16,8.08,
2019-01-17,5.77,2.8921897
2019-01-18,5.105,1.5837111
2019-01-19,,
2019-01-20,,
2019-01-21,,
2019-01-22,6.47,2.3952227
2019-01-23,,
2019-01-24,,
2019-01-25,5.49,3.2280085
2019-01-26,6.15,1.6591712
2019-01-27,5.365,0.7569018
2019-01-28,,
2019-01-29,,
2019-01-30,7.185,2.9823732
2019-01-31,3.935,3.314393
2019-02-01,,
2019-02-02,,
2019-02-03,5.145,1.5994062
2019-02-04,6.375,1.1253363
2019-02-05,6.795,1.5299646
2019-02-06,6.4849997,1.3363982
2019-02-07,6.87,
2019-02-08,,
2019-02-09,5.6349998,2.4203207
2019-02-10,,
2019-02-11,,
2019-02-12,,
2019-02-13,5.47,2.5363274
2019-02-14,5.0899997,2.5835013
2019-02-15,5.8399997,
2019-02-16,4.83,2.8099475
2019-02-17,5.64,
2019-02-18,,
2019-02-19,4.56,4.6235776
2019-02-20,,
2019-02-21,4.1349998,5.8152437
2019-02-22,,
2019-02-23,,
2019-02-24,,
2019-02-25,5.095,1.9297886
2019-02-26,5.205,2.769508
2019-02-27,,
2019-02-28,3.5649998,5.4644732
2019-03-01,,
2019-03-02,2.115,
2019-03-03,4.785,
2019-03-04,4.44,1.7762965
2019-03-05,4.88,4.265403
2019-03-06,3.87,
2019-03-07,3.6299999,0.8455946
2019-03-08,,
2019-03-09,5.17,2.0939262
2019-03-10,,
2019-03-11,4.9449997,2.761947
2019-03-12,4.7349997,1.1402367
2019-03-13,5.27,1.0806558
2019-03-14,5.35,11.702367
2019-03-15,5.45,
2019-03-16,5.67,1.4907022
2019-03-17,5.265,1.7004144
2019-03-18,5.2799997,1.5961273
2019-03-19,5.535,1.1239272
2019-03-20,5.255,1.3163292
2019-03-21,,
2019-03-22,,
2019-03-23,5.1549997,1.3365636
2019-03-24,5.6299996,1.229878
2019-03-25,,
2019-03-26,5.6099997,1.3805028
2019-03-27,5.2599998,1.681361
2019-03-28,5.42,1.251551
2019-03-29,6.245,0.8372812
2019-03-30,5.33,1.7039263
2019-03-31,6.9049997,
2019-04-01,5.96,1.1416631
2019-04-02,5.1749997,1.677393
2019-04-03,6.3199997,1.5282195
2019-04-04,6.25,1.5163664
2019-04-05,,
2019-04-06,7.19,1.6202892
2019-04-07,6.955,0.92112756
2019-04-08,8.105,1.229614
2019-04-09,5.62,0.45186862
2019-04-10,7.4199996,1.315074
2019-04-11,6.9249997,0.82931185
2019-04-12,7.14,0.5017835
2019-04-13,9.6449995,
2019-04-14,4.415,
2019-04-15,7.865,0.6556361
2019-04-16,7.4449997,2.02994
2019-04-17,8.21,1.4279138
2019-04-18,7.585,
2019-04-19,,
2019-04-20,,
2019-04-21,7.915,
2019-04-22,9.22,
2019-04-23,10.179999,1.4109234
2019-04-24,9.565,1.8599492
2019-04-25,10.8,2.4191895
2019-04-26,9.74,
2019-04-27,8.255,0.7518754
2019-04-28,,
2019-04-29,9.3949995,1.5429747
2019-04-30,,
2019-05-01,,
2019-05-02,10.23,
2019-05-03,,
2019-05-04,,
2019-05-05,,
2019-05-06,9.0,1.077803
2019-05-07,10.115,
2019-05-08,10.105,2.0035121
2019-05-09,7.73,
2019-05-10,,
2019-05-11,11.014999,1.8758376
2019-05-12,,
2019-05-13,,
2019-05-14,8.905,0.5356939
2019-05-15,9.67,0.8872471
2019-05-16,10.344999,
2019-05-17,,
2019-05-18,11.87,3.6207495
2019-05-19,11.38,0.7346226
2019-05-20,12.585,0.69373727
2019-05-21,12.184999,2.5235322
2019-05-22,14.07,3.953999
2019-05-23,10.735,
2019-05-24,12.304999,1.024993
2019-05-25,13.54,1.5292819
2019-05-26,14.054999,3.3521392
2019-05-27,14.735,3.0474334
2019-05-28,,
2019-05-29,12.535,
2019-05-30,13.745,
2019-05-31,14.83,0.85549265
2019-06-01,15.74,
2019-06-02,14.775,2.2027373
2019-06-03,15.304999,0.7117953
2019-06-04,14.315,0.92931426
2019-06-05,,
2019-06-06,15.714999,1.707165
2019-06-07,,
2019-06-08,15.3949995,
2019-06-09,15.759999,4.1774335
2019-06-10,14.634999,
2019-06-11,16.914999,9.740513
2019-06-12,,
2019-06-13,19.484999,
2019-06-14,15.495,1.0769135
2019-06-15,16.07,
2019-06-16,15.665,0.4431659
2019-06-17,17.965,
2019-06-18,,
2019-06-19,,
2019-06-20,17.58,0.45684534
2019-06-21,,
2019-06-22,16.994999,1.1761928
2019-06-23,17.805,1.1492374
2019-06-24,17.97,
2019-06-25,,
2019-06-26,20.115,4.2535186
2019-06-27,21.414999,2.0336316
2019-06-28,21.875,0.81104255
2019-06-29,20.59,1.1107665
2019-06-30,19.88,0.48309174
2019-07-01,,
2019-07-02,20.43,
2019-07-03,22.59,0.5447387
2019-07-04,23.39,1.9797709
2019-07-05,22.324999,1.5184895
2019-07-06,22.9,1.0468749
2019-07-07,21.439999,0.93981296
2019-07-08,,
2019-07-09,20.46,1.9134488
2019-07-10,21.56,
2019-07-11,,
2019-07-12,22.225,6.0581164
2019-07-13,22.664999,1.4352838
2019-07-14,22.4,1.6009765
2019-07-15,22.9,1.3156538
2019-07-16,24.31,0.46556732
2019-07-17,24.09,
2019-07-18,24.22,
2019-07-19,21.685,6.024374
2019-07-20,24.66,1.1153299
2019-07-21,25.064999,5.585737
2019-07-22,25.025,1.0858591
2019-07-23,,
2019-07-24,22.305,1.9031978
2019-07-25,23.494999,1.7465745
2019-07-26,23.439999,1.8615934
2019-07-27,22.835,1.0049052
2019-07-28,23.609999,11.1628065
2019-07-29,23.5,1.7051166
2019-07-30,24.505,0.649366
2019-07-31,24.064999,1.6674213
2019-08-01,24.585,3.4937778
2019-08-02,23.23,0.29462144
2019-08-03,24.135,3.136966
2019-08-04,24.65,5.013375
2019-08-05,22.96,
2019-08-06,,
2019-08-07,23.269999,1.9994551
2019-08-08,23.515,3.677769
2019-08-09,23.914999,2.2722006
2019-08-10,23.23,1.5171392
2019-08-11,22.99,
2019-08-12,23.289999,2.217536
2019-08-13,,
2019-08-14,21.96,1.1833745
2019-08-15,22.945,3.7738945
2019-08-16,23.32,0.9346396
2019-08-17,24.355,
2019-08-18,24.01,0.4781477
2019-08-19,25.029999,4.9852757
2019-08-20,24.51,2.9356813
2019-08-21,,
2019-08-22,24.515,1.8278102
2019-08-23,,
2019-08-24,23.744999,2.0187483
2019-08-25,21.31,4.8199177
2019-08-26,21.654999,3.7811182
2019-08-27,20.244999,0.7665281
2019-08-28,22.17,
2019-08-29,22.475,4.3056507
2019-08-30,22.269999,2.1465647
2019-08-31,23.15,1.0915478
2019-09-01,22.175,1.2606349
2019-09-02,22.564999,0.28194505
2019-09-03,22.21,2.006536
2019-09-04,22.324999,0.5911902
2019-09-05,18.83,
2019-09-06,,
2019-09-07,21.119999,2.138683
2019-09-08,21.199999,2.3209329
2019-09-09,20.939999,0.46052757
2019-09-10,21.395,0.68396705
2019-09-11,22.33,0.19890592
2019-09-12,19.64,
2019-09-13,19.994999,3.4614067
2019-09-14,20.08,0.6288548
2019-09-15,21.14,3.2592108
2019-09-16,,
2019-09-17,20.574999,1.7824843
2019-09-18,19.335,0.30454737
2019-09-19,19.805,2.3347542
2019-09-20,20.71,1.89585
2019-09-21,20.445,1.6156601
2019-09-22,20.439999,2.0513318
2019-09-23,20.314999,0.8426279
2019-09-24,20.039999,1.1079047
2019-09-25,20.359999,1.5129771
2019-09-26,19.975,1.1571403
2019-09-27,21.369999,1.1384767
2019-09-28,20.32,2.0915656
2019-09-29,20.375,3.1978498
2019-09-30,20.185,2.7768073
2019-10-01,20.215,1.1920868
2019-10-02,21.48,0.69108605
2019-10-03,,
2019-10-04,19.949999,0.222294
2019-10-05,19.199999,1.9263523
2019-10-06,20.59,
2019-10-07,18.859999,0.8472224
2019-10-08,,
2019-10-09,,
2019-10-10,17.484999,
2019-10-11,,
2019-10-12,,
2019-10-13,18.215,0.8185304
2019-10-14,17.605,2.1596699
2019-10-15,18.105,4.560559
2019-10-16,,
2019-10-17,16.074999,
2019-10-18,16.47,2.743541
2019-10-19,16.75,2.0763495
2019-10-20,,
2019-10-21,15.86,3.2825713
2019-10-22,,
2019-10-23,16.71,2.067564
2019-10-24,17.185,2.528691
2019-10-25,,
2019-10-26,16.035,9.001057
2019-10-27,,
2019-10-28,15.88,2.323589
2019-10-29,16.015,
2019-10-30,,
2019-10-31,,
2019-11-01,16.91,2.1998637
2019-11-02,15.78,3.0899754
2019-11-03,16.335,1.7849667
2019-11-04,16.15,1.884424
2019-11-05,,
2019-11-06,16.025,1.8326274
2019-11-07,,
2019-11-08,14.63,2.1279607
2019-11-09,14.559999,
2019-11-10,15.799999,0.7872108
2019-11-11,13.09,3.4094636
2019-11-12,,
2019-11-13,14.165,2.1086762
2019-11-14,,
2019-11-15,12.759999,5.0164986
2019-11-16,13.945,3.567179
2019-11-17,,
2019-11-18,,
2019-11-19,12.62,1.0791208
2019-11-20,,
2019-11-21,14.075,1.8920869
2019-11-22,,
2019-11-23,12.63,6.9257746
2019-11-24,11.5199995,
2019-11-25,13.679999,1.294424
2019-11-26,13.205,1.6024524
2019-11-27,,
2019-11-28,11.884999,
2019-11-29,11.365,2.8253276
2019-11-30,13.849999,2.2802792
2019-12-01,,
2019-12-02,,
2019-12-03,11.075,
2019-12-04,,
2019-12-05,10.514999,1.4079117
2019-12-06,12.115,1.0233047
2019-12-07,10.639999,2.0098474
2019-12-08,8.0199995,2.033322
2019-12-09,,
2019-12-10,,
2019-12-11,9.735,1.7073714
2019-12-12,8.8,2.3183978
2019-12-13,,
2019-12-14,,
2019-12-15,11.46,0.9139366
2019-12-16,,
2019-12-17,,
2019-12-18,9.594999,1.5874373
2019-12-19,7.595,2.932673
2019-12-20,9.5199995,2.0415895
2019-12-21,,
2019-12-22,9.559999,1.2606657
2019-12-23,9.054999,2.2559204
2019-12-24,9.33,1.7109689
2019-12-25,9.165,
2019-12-26,8.91,
2019-12-27,,
2019-12-28,7.1,2.6071236
2019-12-29,,
2019-12-30,,
2019-12-31,,
2020-01-01,6.74,
2020-01-02,8.23,1.9444349
2020-01-03,,
2020-01-04,,
2020-01-05,6.6099997,3.0553067
2020-01-06,8.724999,
2020-01-07,,
2020-01-08,7.375,
2020-01-09,8.025,1.8466806
2020-01-10,8.135,0.33003068
2020-01-11,7.895,2.8535903
2020-01-12,8.184999,
2020-01-13,,
2020-01-14,,
2020-01-15,8.46,1.7766361
2020-01-16,8.304999,1.2179
2020-01-17,8.474999,1.9113483
2020-01-18,,
2020-01-19,7.6749997,1.098229
2020-01-20,6.87,2.4409091
2020-01-21,7.645,1.4227666
2020-01-22,7.22,1.5291994
2020-01-23,7.125,2.0952318
2020-01-24,7.7,2.391461
2020-01-25,,
2020-01-26,6.835,1.3298949
2020-01-27,6.23,1.5531274
2020-01-28,6.46,
2020-01-29,5.8849998,2.4005637
2020-01-30,5.6749997,4.2868967
2020-01-31,6.7149997,0.86384034
2020-02-01,,
2020-02-02,5.8199997,
2020-02-03,6.94,1.0541756
2020-02-04,,
2020-02-05,,
2020-02-06,,
2020-02-07,7.9649997,0.9994528
2020-02-08,6.74,2.349428
2020-02-09,7.355,0.6771685
2020-02-10,,
2020-02-11,,
2020-02-12,5.255,3.3722606
2020-02-13,,
2020-02-14,6.37,2.2420743
2020-02-15,6.335,2.0627496
2020-02-16,,
2020-02-17,6.73,1.4865373
2020-02-18,,
2020-02-19,5.045,4.149764
2020-02-20,,
2020-02-21,6.095,1.5899814
2020-02-22,6.68,1.8402572
2020-02-23,6.8999996,1.2272782
2020-02-24,6.89,1.8136423
2020-02-25,,
2020-02-26,5.975,
2020-02-27,6.37,2.0996423
2020-02-28,5.745,3.1839137
2020-02-29,5.9449997,0.94011766
2020-03-01,6.17,2.166391
2020-03-02,5.23,4.2894263
2020-03-03,,
2020-03-04,6.685,2.084811
2020-03-05,7.1549997,1.941589
2020-03-06,2.0249999,
2020-03-07,5.18,4.345917
2020-03-08,6.325,1.616663
2020-03-09,6.995,2.0205264
2020-03-10,4.8199997,
2020-03-11,,
2020-03-12,,
2020-03-13,7.355,
2020-03-14,7.39,1.3763547
2020-03-15,7.1549997,1.6524488
2020-03-16,5.435,
2020-03-17,6.625,0.4277981
2020-03-18,6.955,1.8479787
2020-03-19,8.4,0.39334553
2020-03-20,,
2020-03-21,7.355,1.6324836
2020-03-22,6.93,2.0792892
2020-03-23,,
2020-03-24,6.605,1.2727348
2020-03-25,,
2020-03-26,6.9449997,1.1528836
2020-03-27,7.6,1.3744868
2020-03-28,,
2020-03-29,13.389999,
2020-03-30,,
2020-03-31,6.9049997,0.9448116
2020-04-01,7.055,3.4604638
2020-04-02,6.535,0.9356153
2020-04-03,,
2020-04-04,7.1749997,2.2555666
2020-04-05,,
2020-04-06,8.815,1.5086907
2020-04-07,6.855,2.1835237
2020-04-08,7.45,0.4645337
2020-04-09,7.995,
2020-04-10,6.515,1.0736438
2020-04-11,7.105,1.6207383
2020-04-12,6.71,1.0127369
2020-04-13,,
2020-04-14,8.03,1.9615756
2020-04-15,8.04,1.5554804
2020-04-16,7.46,
2020-04-17,5.815,1.995534
2020-04-18,,
2020-04-19,7.815,1.8400273
2020-04-20,,
2020-04-21,6.805,0.6915652
2020-04-22,7.615,1.2684562
2020-04-23,,
2020-04-24,,
2020-04-25,8.905,2.062417
2020-04-26,,
2020-04-27,,
2020-04-28,7.8199997,1.2600372
2020-04-29,8.615,1.0556598
2020-04-30,7.41,
2020-05-01,8.83,0.37151644
2020-05-02,8.835,
2020-05-03,9.245,2.2679305
2020-05-04,10.099999,0.6842734
2020-05-05,9.0199995,1.8422719
2020-05-06,,
2020-05-07,9.389999,1.197532
2020-05-08,,
2020-05-09,8.37,
2020-05-10,8.54,1.6505047
2020-05-11,,
2020-05-12,8.885,1.9249862
2020-05-13,9.15,2.3696663
2020-05-14,10.195,1.4807372
2020-05-15,10.325,1.1448885
2020-05-16,10.945,1.6760228
2020-05-17,9.15,2.50844
2020-05-18,,
2020-05-19,10.085,0.88957906
2020-05-20,9.99,13.442991
2020-05-21,11.335,2.0674188
2020-05-22,13.07,1.1926081
2020-05-23,,
2020-05-24,10.94,18.87549
2020-05-25,12.679999,
2020-05-26,15.054999,15.261717
2020-05-27,14.785,
2020-05-28,,
2020-05-29,14.905,
2020-05-30,14.33,4.2571263
2020-05-31,13.745,2.9050162
2020-06-01,12.8949995,1.3485103
2020-06-02,12.15,
2020-06-03,13.235,
2020-06-04,15.005,6.127964
2020-06-05,14.235,
2020-06-06,17.185,
2020-06-07,15.389999,0.91575134
2020-06-08,16.145,1.6660907
2020-06-09,15.775,1.4764924
2020-06-10,17.465,
2020-06-11,,
2020-06-12,18.085,3.4477854
2020-06-13,17.295,2.1488929
2020-06-14,16.565,1.306438
2020-06-15,14.355,0.79550797
2020-06-16,14.085,0.83037937
2020-06-17,16.005,
2020-06-18,16.355,0.50264806
2020-06-19,18.06,
2020-06-20,17.895,0.9181863
2020-06-21,20.215,0.85837895
2020-06-22,20.705,1.5072249
2020-06-23,20.994999,3.19462
2020-06-24,19.16,0.90698963
2020-06-25,21.574999,18.562386
2020-06-26,20.51,
2020-06-27,,
2020-06-28,21.135,1.0420579
2020-06-29,21.505,0.84484595
2020-06-30,22.02,0.53334314
2020-07-01,22.244999,1.4700214
2020-07-02,21.814999,1.1282506
2020-07-03,22.56,0.79824126
2020-07-04,21.18,4.12647
2020-07-05,21.255,10.487349
2020-07-06,22.045,3.10376
2020-07-07,19.025,
2020-07-08,21.845,0.9165851
2020-07-09,22.904999,0.88990664
2020-07-10,,
2020-07-11,22.609999,0.5017219
2020-07-12,21.51,
2020-07-13,23.199999,1.6799834
2020-07-14,22.42,3.0662477
2020-07-15,22.225,1.3977623
2020-07-16,21.529999,3.5027766
2020-07-17,,
2020-07-18,23.4,2.5062945
2020-07-19,22.585,0.43033305
2020-07-20,24.08,2.4202197
2020-07-21,25.675,1.1640422
2020-07-22,25.369999,1.5556482
2020-07-23,24.345,0.3252951
2020-07-24,,
2020-07-25,24.755,1.1731476
2020-07-26,24.085,1.8074838
2020-07-27,23.269999,3.4376264
2020-07-28,25.215,
2020-07-29,25.13,1.9379556
2020-07-30,26.119999,4.923052
2020-07-31,,
2020-08-01,27.039999,1.2130799
2020-08-02,24.8,0.8188484
2020-08-03,24.949999,2.259389
2020-08-04,23.015,
2020-08-05,23.23,1.8516301
2020-08-06,,
2020-08-07,,
2020-08-08,22.16,2.8480172
2020-08-09,23.65,2.0398023
2020-08-10,23.865,1.1108336
2020-08-11,23.935,1.6980587
2020-08-12,24.85,0.3509553
2020-08-13,26.57,0.5512099
2020-08-14,24.65,2.3379157
2020-08-15,24.305,
2020-08-16,,
2020-08-17,22.8,1.3024113
2020-08-18,22.81,1.7005805
2020-08-19,24.945,
2020-08-20,22.664999,2.197137
2020-08-21,22.14,0.34765202
2020-08-22,23.394999,9.021184
2020-08-23,23.925,0.8410377
2020-08-24,24.31,1.4174758
2020-08-25,23.675,2.024269
2020-08-26,23.324999,1.1481472
2020-08-27,22.39,1.7253554
2020-08-28,23.295,0.6992492
2020-08-29,,
2020-08-30,22.234999,0.6624235
2020-08-31,21.869999,0.5617336
2020-09-01,21.99,1.2280705
2020-09-02,,
2020-09-03,22.82,1.7602977
2020-09-04,22.59,0.8500757
2020-09-05,22.5,2.191031
2020-09-06,22.225,2.643641
2020-09-07,21.365,2.98497
2020-09-08,23.035,15.248665
2020-09-09,,
2020-09-10,23.814999,
2020-09-11,21.83,
2020-09-12,21.699999,3.402396
2020-09-13,21.195,1.1946474
2020-09-14,20.645,
2020-09-15,21.66,
2020-09-16,20.57,
2020-09-17,,
2020-09-18,19.154999,
2020-09-19,20.5,1.9511887
2020-09-20,20.93,2.9460983
2020-09-21,19.734999,4.0880246
2020-09-22,20.095,4.7631145
2020-09-23,18.605,1.7845869
2020-09-24,,
2020-09-25,18.765,
2020-09-26,19.07,0.41463327
2020-09-27,19.49,0.40147993
2020-09-28,19.26,3.0718691
2020-09-29,19.82,0.3475309
2020-09-30,19.24,1.9965516
2020-10-01,19.039999,3.0419343
2020-10-02,18.685,0.6085441
2020-10-03,19.67,1.2093481
2020-10-04,19.57,1.7110186
2020-10-05,18.529999,1.4476196
2020-10-06,18.619999,0.5332792
2020-10-07,19.02,0.70340693
2020-10-08,19.98,1.3347124
2020-10-09,18.779999,1.2763433
2020-10-10,18.05,12.091094
2020-10-11,17.76,
2020-10-12,,
2020-10-13,18.455,
2020-10-14,18.19,1.9436412
2020-10-15,17.97,1.1426762
2020-10-16,18.57,0.59183735
2020-10-17,18.67,1.2946532
2020-10-18,17.895,1.5587649
2020-10-19,15.92,3.2978323
2020-10-20,18.109999,
2020-10-21,18.215,0.6950194
2020-10-22,17.855,0.62604797
2020-10-23,17.699999,0.54498154
2020-10-24,17.23,
2020-10-25,,
2020-10-26,,
2020-10-27,16.46,2.2532578
2020-10-28,16.13,
2020-10-29,,
2020-10-30,,
2020-10-31,17.75,1.8271368
2020-11-01,,
2020-11-02,15.695,4.1131577
2020-11-03,14.545,5.879065
2020-11-04,15.7,1.2039616
2020-11-05,15.434999,1.0051745
2020-11-06,15.16,2.1454585
2020-11-07,16.065,1.7701414
2020-11-08,16.115,2.3952346
2020-11-09,16.685,1.4943472
2020-11-10,15.775,2.1547675
2020-11-11,,
2020-11-12,,
2020-11-13,,
2020-11-14,15.74,1.4314121
2020-11-15,15.575,0.66263944
2020-11-16,15.705,2.6177852
2020-11-17,14.795,0.37612414
2020-11-18,13.95,4.4095736
2020-11-19,14.2,0.9087729
2020-11-20,14.775,1.4705577
2020-11-21,14.41,0.94464564
2020-11-22,15.7,
2020-11-23,12.2,
2020-11-24,13.92,1.5779008
2020-11-25,14.46,0.3168985
2020-11-26,12.219999,
2020-11-27,14.065,0.576499
2020-11-28,13.48,0.84960616
2020-11-29,13.71,1.6701684
2020-11-30,,
2020-12-01,13.745,1.9952877
2020-12-02,12.634999,
2020-12-03,12.764999,3.0298913
2020-12-04,,
2020-12-05,13.91,
2020-12-06,12.025,2.932922
2020-12-07,10.01,2.997882
2020-12-08,10.24,3.1699882
2020-12-09,,
2020-12-10,11.925,2.0595472
2020-12-11,12.425,0.4827604
2020-12-12,,
2020-12-13,13.009999,1.2014697
2020-12-14,,
2020-12-15,11.545,1.9680418
2020-12-16,,
2020-12-17,12.835,
2020-12-18,,
2020-12-19,7.99,
2020-12-20,,
2020-12-21,,
2020-12-22,10.07,1.2713791
2020-12-23,9.11,1.7374625
2020-12-24,,
2020-12-25,,
2020-12-26,8.61,3.417362
2020-12-27,10.415,1.765115
2020-12-28,6.71,2.4154422
2020-12-29,8.63,3.0428145
2020-12-30,,
